{
  "auc_macro": 0.9628522396087646,
  "auprc_macro": 0.692775309085846,
  "loss": 0.4389045238494873
}