{
  "summary": {
    "num_samples": 22212,
    "macro_auc": 0.9898577788296867,
    "macro_aupr": 0.9705225053955527
  },
  "per_class": {
    "door": {
      "auc": 0.9878440499305725,
      "aupr": 0.9579217433929443
    },
    "dishes": {
      "auc": 0.9897102117538452,
      "aupr": 0.9614003896713257
    },
    "cutlery": {
      "auc": 0.9830639958381653,
      "aupr": 0.9533275365829468
    },
    "chopping": {
      "auc": 0.9796642065048218,
      "aupr": 0.9546972513198853
    },
    "frying": {
      "auc": 0.9913381338119507,
      "aupr": 0.9761834144592285
    },
    "microwave": {
      "auc": 0.9941166043281555,
      "aupr": 0.9743210673332214
    },
    "blender": {
      "auc": 0.9947690963745117,
      "aupr": 0.988625705242157
    },
    "water_tap": {
      "auc": 0.9897186160087585,
      "aupr": 0.9615268707275391
    },
    "sink": {
      "auc": 0.993584156036377,
      "aupr": 0.9665475487709045
    },
    "toilet_flush": {
      "auc": 0.9962198734283447,
      "aupr": 0.9911401271820068
    },
    "telephone": {
      "auc": 0.9953981637954712,
      "aupr": 0.9869565367698669
    },
    "chewing": {
      "auc": 0.9849529266357422,
      "aupr": 0.9659045338630676
    },
    "speech": {
      "auc": 0.9902729988098145,
      "aupr": 0.9693723917007446
    },
    "television": {
      "auc": 0.9819546937942505,
      "aupr": 0.9566214084625244
    },
    "footsteps": {
      "auc": 0.9788272976875305,
      "aupr": 0.9445174932479858
    },
    "vacuum": {
      "auc": 0.9980319142341614,
      "aupr": 0.9957320690155029
    },
    "hair_dryer": {
      "auc": 0.9981153011322021,
      "aupr": 0.994086503982544
    }
  }
}